Data,Otwarcie,Najwyzszy,Najnizszy,Zamkniecie
2017-08-01,421,488.8,218.39,439.27
2017-08-02,439.27,974.71,362.02,551.59
2017-08-03,551.59,635.73,381.08,405.92
2017-08-04,405.92,414.38,252.57,253.13
2017-08-05,253.13,294.84,206.64,220.3
2017-08-06,220.3,241.87,210.13,241.87
2017-08-07,241.87,411.56,239.47,322.6
2017-08-08,322.6,388.34,310.51,343.43
2017-08-09,343.43,349.93,289.74,301.17
2017-08-10,301.17,312.53,268.44,274.48
2017-08-11,274.48,352.53,271.46,326.26
2017-08-12,326.26,344.59,311.04,316
2017-08-13,316,317.69,293.93,295.15
2017-08-14,295.15,329.77,291.25,300.03
2017-08-15,300.03,307.42,290.02,297.36
2017-08-16,297.36,309.36,285.48,299.68
2017-08-17,299.68,449.75,292.4,445.19
2017-08-18,445.19,777.54,437.81,689.83
2017-08-19,689.83,965.48,604.03,738.54
2017-08-20,738.54,849.16,677.96,719.27
2017-08-21,719.27,749.65,557.92,605.22
2017-08-22,605.22,734.16,566.86,684.6
2017-08-23,684.6,710.85,651.32,674.08
2017-08-24,674.08,701.11,601.6,619.83
2017-08-25,619.83,664.74,615.09,632.48
2017-08-26,632.48,638.56,612.25,621.43
2017-08-27,621.43,651.88,581.68,616.29
2017-08-28,616.29,626.64,581.81,591.11
2017-08-29,591.11,596.56,524.32,544.74
2017-08-30,544.74,613.18,529.64,580.34
2017-08-31,580.34,609.23,570.5,592.59
2017-09-01,592.59,653.56,586.63,628.73
2017-09-02,628.73,645.8,560.98,572.65
2017-09-03,572.65,622.73,559.22,609.85
2017-09-04,609.85,611.5,496.84,519.3
2017-09-05,519.3,560.22,472.51,546.74
2017-09-06,546.74,657.3,539.13,647.64
2017-09-07,647.64,718.92,604.32,667.56
2017-09-08,667.56,698.49,573.09,605.66
2017-09-09,605.66,610.28,565.57,586.24
2017-09-10,586.24,586.81,524.98,556.9
2017-09-11,556.9,590.17,550.1,556.02
2017-09-12,556.02,577.62,530.07,536.96
2017-09-13,536.96,538.98,471.08,506.49
2017-09-14,506.49,515.58,385.45,386.49
2017-09-15,386.49,454.21,301.55,428.88
2017-09-16,428.88,470.7,411.53,443.21
2017-09-17,443.21,450.88,407.81,439.07
2017-09-18,439.07,492.49,438.38,486.03
2017-09-19,486.03,548.13,454.77,530.6
2017-09-20,530.6,530.64,475.32,477.25
2017-09-21,477.25,484.72,413.8,416.13
2017-09-22,416.13,434.17,395.09,409.63
2017-09-23,409.63,436.14,403.33,430.31
2017-09-24,430.31,434.34,416.62,421.19
2017-09-25,421.19,458.18,420.14,450.85
2017-09-26,450.85,463.55,448.95,449.56
2017-09-27,449.56,468.64,439.9,464.14
2017-09-28,464.14,481.59,442.15,458.15
2017-09-29,458.15,459.63,430.44,440.55
2017-09-30,440.55,454.85,433.77,435.95
2017-10-01,435.95,440.56,417.1,418.05
2017-10-02,418.05,432.22,410.32,419.68
2017-10-03,419.68,420.69,393.03,401.41
2017-10-04,401.41,403.22,351.3,355.75
2017-10-05,355.75,368.14,343.72,354.4
2017-10-06,354.4,374.54,352.91,363.22
2017-10-07,363.22,368.17,354.21,359.81
2017-10-08,359.81,363.79,335.7,343.52
2017-10-09,343.52,343.95,282.18,312.43
2017-10-10,312.43,350.11,304.52,317.19
2017-10-11,317.19,320.54,309.23,314.21
2017-10-12,314.21,331.11,306.25,310.56
2017-10-13,310.56,324.32,291.98,320.11
2017-10-14,320.11,327.54,314.65,321.67
2017-10-15,321.67,323.38,307.61,314.1
2017-10-16,314.05,317.85,310.07,313.94
2017-10-17,313.99,399.86,308.23,367.84
2017-10-18,367.94,374.16,305.96,338.72
2017-10-19,338.77,339,323.81,329.66
2017-10-20,329.6,333.91,320.67,326.03
2017-10-21,326.15,329.13,313.13,322.12
2017-10-22,321.94,358.27,318.36,325.88
2017-10-23,324.88,329.97,300.26,312.05
2017-10-24,312.05,337.42,303.73,322.28
2017-10-25,322.72,331.41,315.28,329.47
2017-10-26,329.31,350.73,325.66,335.68
2017-10-27,335.75,373.46,335.63,363.84
2017-10-28,363.82,420.87,363.13,417.22
2017-10-29,416.77,523.08,400.41,451.91
2017-10-30,451.91,482.58,416.06,444.93
2017-10-31,444.93,456.3,426.3,435.48
2017-11-01,435.48,546.11,434.45,529.88
2017-11-02,530.24,593.68,492.39,562.79
2017-11-03,563.21,686.21,558.53,626.04
2017-11-04,626.02,641.55,563.07,614.26
2017-11-05,614.26,637.29,570.83,625.72
2017-11-06,625.72,656.75,588.18,588.68
2017-11-07,588.55,617.44,584.38,603.26
2017-11-08,603.17,644.2,522.79,617.41
2017-11-09,617,675.39,612.32,650.09
2017-11-10,650.09,1029.27,647.39,995.4
2017-11-11,989.87,1414.14,897.92,1325.56
2017-11-12,1325.56,2694.37,1187.01,1374.39
2017-11-13,1369.5,1515.47,1012.22,1346.96
2017-11-14,1346.96,1374.76,1186.56,1251.63
2017-11-15,1251.62,1318.8,1164.95,1187.03
2017-11-16,1185.84,1193.4,873.44,896.51
2017-11-17,897.76,1209.41,856.95,1175.54
2017-11-18,1177.05,1371.18,1174.86,1243.86
2017-11-19,1242.89,1257.17,1132.28,1176.66
2017-11-20,1177.07,1252.75,1170.82,1245.28
2017-11-21,1245.28,1247.73,1146.25,1169.9
2017-11-22,1169.9,1346.06,1164.3,1298.62
2017-11-23,1297.83,1663.3,1293.66,1662.21
2017-11-24,1662.4,1765.76,1529.13,1625.05
2017-11-25,1625.05,1635.9,1517.64,1546.22
2017-11-26,1546.46,1729,1528.69,1719.36
2017-11-27,1718.73,1720.27,1557.31,1587.66
2017-11-28,1587.58,1592.39,1469.1,1481.93
2017-11-29,1481.92,1627.86,1277.59,1333.15
2017-11-30,1333.52,1415.75,1174.84,1318.42
2017-12-01,1318.42,1451.12,1243.5,1426.5
2017-12-02,1426.57,1464.77,1371.13,1390.58
2017-12-03,1390.92,1621.91,1378.47,1511.46
2017-12-04,1511.37,1543.78,1438.56,1540.7
2017-12-05,1540.64,1581.8,1410.56,1421.42
2017-12-06,1421.41,1461.22,1309.53,1349.75
2017-12-07,1349.74,1363.09,1217.38,1230
2017-12-08,1229.9,1560.71,1137.42,1383.3
2017-12-09,1383.33,1466.48,1305.28,1369.36
2017-12-10,1369.53,1369.53,1186.48,1289.78
2017-12-11,1289.42,1429.02,1288.39,1402.18
2017-12-12,1402.35,1601.28,1330.78,1543.45
2017-12-13,1544.92,1664.79,1444.1,1572.91
2017-12-14,1572.91,2053.26,1561.3,1933.27
2017-12-15,1933.27,1939.79,1630.62,1795.31
2017-12-16,1797.03,1864.87,1733.98,1773.75
2017-12-17,1773.75,1904.01,1773.1,1827.41
2017-12-18,1827.41,2311.36,1750.39,2146.79
2017-12-19,2146.46,2827.39,2075.48,2670.97
2017-12-20,2670.97,4112.39,2665.55,3715.91
2017-12-21,3715.91,3717.55,2857.3,3084.09
2017-12-22,3084.09,3163.97,1716.84,2521.46
2017-12-23,2521.45,3249.32,2466.89,2991.57
2017-12-24,2991.58,2997.03,2463.15,2797.92
2017-12-25,2797.92,2883.55,2600.42,2739.94
2017-12-26,2739.94,2929.03,2720.99,2921.84
2017-12-27,2921.89,2924.47,2568.85,2710.64
2017-12-28,2710.64,2727.03,2291.94,2484.96
2017-12-29,2486.54,2884.96,2311.24,2619.32
2017-12-30,2622.42,2634.36,2103.91,2209.96
2017-12-31,2210.18,2485.77,2165.12,2371.83
2018-01-01,2371.83,2413.01,2258.29,2319.12
2018-01-02,2319.12,2719.88,2314.12,2555.49
2018-01-03,2555.49,2776.56,2517.54,2557.52
2018-01-04,2556.37,2558.9,2315.7,2355.78
2018-01-05,2355.68,2523.51,2306.49,2390.04
2018-01-06,2390.04,2639.55,2326.08,2533.24
2018-01-07,2533.24,2760.35,2492.92,2530.44
2018-01-08,2530.5,2572.13,2207.35,2404.74
2018-01-09,2404.74,2489.58,2319.19,2376.68
2018-01-10,2376.68,2944.89,2291.94,2856.93
2018-01-11,2856.94,2952.68,2341.77,2437.92
2018-01-12,2437.92,2628.15,2372.67,2596.2
2018-01-13,2596.21,2869.38,2561.7,2664.9
2018-01-14,2664.98,2728.55,2441.03,2530.21
2018-01-15,2530.59,2558.33,2352.1,2394.05
2018-01-16,2394.02,2411.97,1525.13,1761.61
2018-01-17,1760.95,1903.53,1342.05,1748.8
2018-01-18,1748.8,1881.06,1681.82,1708.87
2018-01-19,1708.87,1853.19,1693.94,1756.72
2018-01-20,1756.72,2114.15,1753.95,2024.32
2018-01-21,2024.32,2025.18,1709.25,1772.37
2018-01-22,1772.37,1805.85,1509.89,1606.05
2018-01-23,1606.05,1692.62,1490.35,1614.46
2018-01-24,1614.46,1676.53,1558.92,1653.46
2018-01-25,1653.46,1699.85,1601.87,1649.03
2018-01-26,1649.01,1672.5,1486.69,1553.72
2018-01-27,1553.85,1664.05,1553.85,1642.41
2018-01-28,1641.74,1753.71,1627.27,1742.5
2018-01-29,1742.74,1753.3,1630.99,1632.67
2018-01-30,1632.7,1653.43,1468.48,1493.46
2018-01-31,1492.5,1519.62,1399.3,1466.51
2018-02-01,1465.88,1497.04,1205.44,1261.54
2018-02-02,1262.16,1282.19,968.68,1184.75
2018-02-03,1184.84,1318.13,1067.27,1266.86
2018-02-04,1265.03,1289.3,1093.1,1165.5
2018-02-05,1167.45,1174.98,828.12,883.71
2018-02-06,882.55,973.91,759.48,947.94
2018-02-07,948.76,1035.77,896.53,998.27
2018-02-08,998.27,1353.3,948.65,1321.1
2018-02-09,1320.09,1337.47,1192.81,1291.86
2018-02-10,1291.96,1380.88,1198.81,1241.54
2018-02-11,1243.31,1297.16,1189.09,1246.16
2018-02-12,1246.63,1292.07,1202.92,1276.44
2018-02-13,1276.49,1292.96,1200.54,1223
2018-02-14,1223.14,1376.01,1219.84,1354.16
2018-02-15,1353.96,1392.52,1311.11,1365.34
2018-02-16,1363.05,1547.04,1356.14,1495.63
2018-02-17,1494.36,1553.34,1493.88,1530.71
2018-02-18,1530.78,1635.21,1395.59,1473.35
2018-02-19,1473.5,1543.78,1451.6,1520
2018-02-20,1516.86,1553.67,1403.86,1432.2
2018-02-21,1431.27,1431.27,1269.33,1288.29
2018-02-22,1288.41,1341.78,1178.29,1208.69
2018-02-23,1207.94,1313.93,1149.05,1260.45
2018-02-24,1260.68,1299.63,1136.52,1152.26
2018-02-25,1151.61,1203.5,1137.31,1190.5
2018-02-26,1190.49,1269.98,1143.16,1253.23
2018-02-27,1253.48,1295.46,1220.6,1250.46
2018-02-28,1250.24,1275.35,1199.26,1212.68
2018-03-01,1212.66,1303.07,1189.85,1287.4
2018-03-02,1287.62,1303.05,1254.94,1286.97
2018-03-03,1286.97,1298.19,1258.75,1267.24
2018-03-04,1267.16,1283.66,1224.57,1282.16
2018-03-05,1282.16,1291.64,1267.96,1273.52
2018-03-06,1273.85,1276.23,1176.65,1212.02
2018-03-07,1211.04,1223.3,1041.27,1109.13
2018-03-08,1108.18,1115.84,999.8,1024.08
2018-03-09,1024.04,1047.71,927.36,1047.67
2018-03-10,1047.77,1089.16,991.44,1001.33
2018-03-11,1001.32,1157.07,969.79,1131.92
2018-03-12,1131.11,1150.21,1013.13,1040.17
2018-03-13,1040.75,1098.71,995.44,1060.6
2018-03-14,1060.54,1072.34,918.79,937.71
2018-03-15,937.72,957.81,874.8,950.84
2018-03-16,951.17,1061.7,898.15,999.66
2018-03-17,999.62,1030.48,929.61,972.31
2018-03-18,971.95,974.55,848.6,925.63
2018-03-19,925.91,999.98,912.31,979.9
2018-03-20,979.91,1073.55,953.39,1061.93
2018-03-21,1062.07,1084.47,1009.43,1024.78
2018-03-22,1024.87,1065.19,987.86,1010.96
2018-03-23,1010.86,1020.8,963.82,1004.04
2018-03-24,1004.13,1035.93,991.24,992.22
2018-03-25,991.82,993.65,970.62,987.49
2018-03-26,988.36,990.13,886.46,887.05
2018-03-27,887.58,931.02,879.33,895.69
2018-03-28,896.26,901.03,851.45,851.59
2018-03-29,851.13,869.22,697.22,710.94
2018-03-30,712.12,772.11,675.32,705.67
2018-03-31,706.13,737.58,687.67,688.92
2018-04-01,688.75,700.64,627.14,649
2018-04-02,648.82,687.85,639.83,656.18
2018-04-03,656.4,724.52,656.13,709.92
2018-04-04,709.88,712.63,638.39,650.59
2018-04-05,650.87,659.22,621.44,638.09
2018-04-06,638.18,648.91,604.11,610.84
2018-04-07,610.84,657.14,604.37,650.72
2018-04-08,650.66,662.9,639.62,656.19
2018-04-09,655.92,685.08,627.01,635.97
2018-04-10,635.97,660.25,627.07,653.09
2018-04-11,653.1,659.07,649.25,654.17
2018-04-12,654.14,735.35,653.58,726.37
2018-04-13,726.62,786.04,711.57,742.97
2018-04-14,742.56,762.05,720.78,745.31
2018-04-15,745.31,788.45,738.63,777.63
2018-04-16,777.63,800.49,745.1,762.41
2018-04-17,762.78,789.66,755.42,765.7
2018-04-18,765.59,898.11,757.96,884.94
2018-04-19,884.91,984.43,873.37,953.25
2018-04-20,953.39,1141.25,943.52,1132.23
2018-04-21,1127.57,1188.53,1017.76,1128.22
2018-04-22,1128.11,1259.56,1111.82,1245.43
2018-04-23,1245.28,1455.73,1190.54,1403.87
2018-04-24,1402.07,1568.88,1401.5,1462.77
2018-04-25,1463.2,1463.2,1229.02,1365.26
2018-04-26,1364.27,1373.83,1244.59,1345.81
2018-04-27,1345.06,1425.52,1336.39,1342.38
2018-04-28,1342.87,1415.4,1322.32,1385.71
2018-04-29,1385.71,1483.63,1371.12,1421.07
2018-04-30,1421.22,1448.15,1346.03,1347.35
2018-05-01,1347.25,1362.44,1245.44,1316.69
2018-05-02,1316.59,1489.04,1312.32,1462.83
2018-05-03,1462.8,1539.71,1448.98,1499.76
2018-05-04,1499.74,1538.32,1460.78,1521
2018-05-05,1521.02,1726.16,1510.64,1708.81
2018-05-06,1708.86,1843.57,1638.06,1712.13
2018-05-07,1711.56,1777.53,1565.36,1656.92
2018-05-08,1656.73,1693.44,1551.19,1581.89
2018-05-09,1581.89,1675.26,1461.85,1618.52
2018-05-10,1618.42,1664.52,1541.7,1555.32
2018-05-11,1554.44,1557.7,1316.92,1331.36
2018-05-12,1331.2,1502.25,1270.32,1433.67
2018-05-13,1434.38,1497.28,1405.15,1465.03
2018-05-14,1465.03,1493.48,1329.74,1430.44
2018-05-15,1430.12,1453.03,1327.35,1327.35
2018-05-16,1325.2,1355.65,1219.41,1265.12
2018-05-17,1265.14,1340.64,1203.06,1203.16
2018-05-18,1203.02,1218.13,1130.63,1201.2
2018-05-19,1201.2,1213.23,1150.67,1166.58
2018-05-20,1166.36,1310.34,1165.13,1291.48
2018-05-21,1291.46,1300.72,1212.45,1233.06
2018-05-22,1233.64,1235.85,1128.17,1131.4
2018-05-23,1131.27,1152.53,969.77,1041.48
2018-05-24,1043.57,1069.98,947.37,1039.4
2018-05-25,1039.67,1079.99,995.76,1011.52
2018-05-26,1012.01,1045.86,986.58,1019.66
2018-05-27,1019.54,1021.23,978.69,990
2018-05-28,989.99,1005.51,903.63,903.9
2018-05-29,904.19,1006.36,873.31,999.09
2018-05-30,999.27,1029.17,950,964.43
2018-05-31,964.43,1030.68,963.89,1005.2
2018-06-01,1005.2,1011.16,977.14,989.64
2018-06-02,989.64,1099.2,989.51,1070.39
2018-06-03,1071.02,1192.86,1067.87,1166.14
2018-06-04,1166,1210.58,1075.48,1124.92
2018-06-05,1124.97,1158.3,1048.19,1134.48
2018-06-06,1134.48,1156.31,1099.08,1140.76
2018-06-07,1140.71,1168.69,1123.29,1136.02
2018-06-08,1136.02,1149.45,1087.71,1121.2
2018-06-09,1121.54,1137.53,1099.29,1105.63
2018-06-10,1105.36,1105.85,901.82,921.24
2018-06-11,921.05,976.77,897.02,931.62
2018-06-12,931.71,968.72,851.58,871.28
2018-06-13,871.22,882.46,802.29,828.01
2018-06-14,828.01,906.7,827.38,895.55
2018-06-15,895.55,898.88,850.4,855.17
2018-06-16,855.04,859.64,830.18,855.03
2018-06-17,855.03,862.39,843.51,849.19
2018-06-18,849.16,899.77,826.27,886.54
2018-06-19,886.54,927.99,874.38,894.93
2018-06-20,894.93,907.99,864.16,881.72
2018-06-21,881.72,904.53,867.08,869.57
2018-06-22,869.57,874.28,721.2,739.63
2018-06-23,739.89,776.85,732.58,775.51
2018-06-24,775.7,776.24,663.27,757.79
2018-06-25,758.02,779.44,735.46,756.45
2018-06-26,756.49,759.59,712.53,724.64
2018-06-27,724.64,725.04,687.67,710.48
2018-06-28,710.41,722.91,663.71,664.09
2018-06-29,663.92,677.85,649.51,677.72
2018-06-30,678.05,784.96,678.05,724.25
2018-07-01,724.25,752.96,715.95,741.61
2018-07-02,741.62,796.03,721.74,787.34
2018-07-03,787.33,830.73,760.86,773.03
2018-07-04,773.03,810.05,738.8,781.72
2018-07-05,781.72,785.59,716.06,723.36
2018-07-06,723.36,743.4,699.07,727.1
2018-07-07,727.1,734.86,709.27,724.12
2018-07-08,724.12,781.11,723.99,767.45
2018-07-09,767.45,770.5,736.13,742.26
2018-07-10,742.26,759.18,688.77,695.18
2018-07-11,695.09,711.79,684.18,702.89
2018-07-12,702.69,707.1,673.44,678.65
2018-07-13,678.38,712.87,662.92,698.41
2018-07-14,698.44,711.69,687.23,704.19
2018-07-15,704.16,732.59,698.49,731.94
2018-07-16,731.94,808.28,717.58,796.9
2018-07-17,796.93,873.69,783.02,853.71
2018-07-18,853.37,888.41,805.98,822.59
2018-07-19,822.53,844.42,805.98,816.76
2018-07-20,816.83,830.42,767.66,767.66
2018-07-21,767.78,799.52,742,792.5
2018-07-22,791.84,820.81,777.59,788.27
2018-07-23,788.16,831.22,780.98,792.15
2018-07-24,793.48,876.08,771.03,851.79
2018-07-25,851.79,876.21,819.16,844.88
2018-07-26,844.88,860.7,798.89,803.55
2018-07-27,803.84,829.77,781.64,828.84
2018-07-28,828.84,829.07,801.11,813.39
2018-07-29,813.39,839.43,813.25,825.12
2018-07-30,825.43,837.92,785.42,808.58
2018-07-31,808.55,816.96,760.56,770.07
2018-08-01,770.05,777.75,735.12,744.68
2018-08-02,744.68,773.23,722.85,730.24
2018-08-03,730.41,735.51,700.81,722.49
2018-08-04,722.46,736.33,689.91,695.52
2018-08-05,695.47,715.98,687.99,712.62
2018-08-06,712.69,717.01,683.17,683.17
2018-08-07,683.04,712.11,647.49,658.93
2018-08-08,659.05,664.47,565.75,591.99
2018-08-09,591.94,620.35,576.93,618.63
2018-08-10,618.63,619.11,559.43,561.37
2018-08-11,561.45,581.16,539.33,572.85
2018-08-12,572.78,584.26,555.84,575.63
2018-08-13,575.65,592.95,526.06,529.15
2018-08-14,529.14,534.48,473.1,487.4
2018-08-15,487.4,539.85,485.04,520.97
2018-08-16,520.27,538,503.28,520.16
2018-08-17,520.16,567.8,514,566.18
2018-08-18,566.18,610.61,537.03,559.79
2018-08-19,559.79,582.27,541.53,569.57
2018-08-20,569.56,576.85,536.65,540.03
2018-08-21,539.92,542.5,509.92,532.79
2018-08-22,532.76,574.37,513.24,521.74
2018-08-23,521.71,531.55,509.48,525.34
2018-08-24,525.32,538.15,520.21,535.22
2018-08-25,535.22,543.7,528.44,534.9
2018-08-26,534.7,538.88,515.48,520.34
2018-08-27,520.35,534.45,519.06,528.55
2018-08-28,528.6,573.9,528.29,564.12
2018-08-29,564.04,569.58,545.4,558.39
2018-08-30,558.33,558.81,525.82,539.47
2018-08-31,539.46,547.33,533.63,542.52
2018-09-01,542.54,631.41,541.19,617.21
2018-09-02,617.21,659.22,602.22,640.71
2018-09-03,640.71,656.18,623.02,635.57
2018-09-04,635.88,649.74,623.59,625.26
2018-09-05,624.44,632.36,525.35,542.73
2018-09-06,542.73,542.87,487.38,506.86
2018-09-07,506.84,528.16,492.87,499.21
2018-09-08,499.14,505.62,463.66,470.79
2018-09-09,470.46,494.44,463.45,487.65
2018-09-10,487.51,487.9,462.02,464.94
2018-09-11,464.89,476.6,425.71,437.59
2018-09-12,437.62,446.05,410.52,425.45
2018-09-13,425.45,475.03,425.45,467.69
2018-09-14,467.36,475.79,440.82,455.39
2018-09-15,455.37,460.3,443.73,447.28
2018-09-16,447.21,451.53,427.19,449.73
2018-09-17,449.76,462.12,408.73,414.08
2018-09-18,414.19,449.37,410.48,432.64
2018-09-19,432.65,441.18,408.9,431.4
2018-09-20,431.63,448.19,423.67,439.57
2018-09-21,438.58,510.44,436.78,495.89
2018-09-22,495.53,510.87,470.2,484.35
2018-09-23,484.34,508.91,477.27,484.57
2018-09-24,484.56,494.57,462.12,467.85
2018-09-25,467.85,467.88,424.73,440
2018-09-26,439.26,549.12,433.44,518.52
2018-09-27,518.44,588.66,505.73,566.39
2018-09-28,566.39,575.98,531.03,538.72
2018-09-29,538.72,559.32,510.53,541.42
2018-09-30,541.44,551.69,517.27,524.2
2018-10-01,524.2,542.53,520.93,531.03
2018-10-02,531.02,552.17,522.84,539.85
2018-10-03,539.86,542.94,506.04,512.17
2018-10-04,511.68,531.2,507.89,514.57
2018-10-05,514.57,518.59,510.9,514.65
2018-10-06,514.63,526.53,502.14,509.96
2018-10-07,509.86,516.93,505.75,515.97
2018-10-08,515.97,533.84,515.07,530.86
2018-10-09,530.85,530.86,515.73,517.45
2018-10-10,517.45,519.23,507.87,513.35
2018-10-11,513.34,514.4,438.95,445.98
2018-10-12,445.98,454.43,426.58,443.36
2018-10-13,443.36,449.18,439.57,444.71
2018-10-14,444.72,454.26,441.61,444.53
2018-10-15,444.53,504.76,432.58,456.53
2018-10-16,457.01,474.28,454.26,456.92
2018-10-17,456.96,461.2,447.35,449.33
2018-10-18,449.33,459.16,433.86,434.07
2018-10-19,433.64,446.73,432.65,441.57
2018-10-20,441.56,450.1,438.15,448.64
2018-10-21,448.65,458.96,448.42,456.18
2018-10-22,456,456.11,444.79,452.7
2018-10-23,452.69,454.29,439.32,444.2
2018-10-24,444.29,453.25,443.29,445.74
2018-10-25,445.74,448.28,442.11,444.59
2018-10-26,444.55,446.11,437.72,439.78
2018-10-27,439.9,441.6,436.99,438.73
2018-10-28,438.73,440.9,437.04,438.81
2018-10-29,438.81,441.77,412.85,417.29
2018-10-30,417.1,423.88,414.48,421.48
2018-10-31,421.4,431.28,409.04,426.94
2018-11-01,426.94,426.96,421.98,425.26
2018-11-02,424.99,473.43,424.44,463.67
2018-11-03,463.58,486.85,458.43,479.83
2018-11-04,479.76,591.21,478.31,566.72
2018-11-05,566.73,581.34,539.59,552.96
2018-11-06,552.64,631.69,552.39,627.55
2018-11-07,627.32,642.57,608.7,617.4
2018-11-08,617.48,622.2,573.71,578.44
2018-11-09,578.45,600.64,527.86,538.93
2018-11-10,538.89,566.01,532.96,562.57
2018-11-11,562.56,565.18,517.58,527.54
2018-11-12,527.54,540.9,502.79,521.37
2018-11-13,521.37,549.41,504.32,516.13
2018-11-14,515.93,529.37,414.6,434.43
2018-11-15,434.43,460.78,264.96,377.66
2018-11-16,377.49,388.5,352.12,362.48
2018-11-17,361.84,377.29,318.43,343.54
2018-11-18,343.54,371.28,332.88,357.07
2018-11-19,357.07,365.93,259.04,272.18
2018-11-20,272.18,315.14,222.27,254.79
2018-11-21,254.79,278.65,239.66,253.1
2018-11-22,253.1,269.87,246.8,248.51
2018-11-23,248.51,263.07,228,235.52
2018-11-24,235.52,247.64,123.15,195.96
2018-11-25,195.96,217.69,175.65,208.53
2018-11-26,208.53,224.12,184.43,187.85
2018-11-27,187.85,238.34,160.59,188.5
2018-11-28,188.5,233.31,164.98,219.82
2018-11-29,220.81,225.2,198.29,213.46
2018-11-30,213.46,214.3,186.69,189.27
2018-12-01,189.27,208.86,187.24,205.41
2018-12-02,205.41,210.05,189.53,202.82
2018-12-03,202.82,202.82,175.82,182.42
2018-12-04,182.42,192.08,168.81,171.26
2018-12-05,171.26,202.88,149.06,149.53
2018-12-06,149.53,162.78,114.26,123.33
2018-12-07,123.33,133.83,96.66,105.7
2018-12-08,105.7,109.28,95.5,101.17
2018-12-09,101.39,111.17,98.85,106.57
2018-12-10,106.58,109.29,99.68,102.49
2018-12-11,102.49,102.8,92.99,96.14
2018-12-12,96.14,99.97,94.97,96.4
2018-12-13,96.34,97.22,86.4,86.86
2018-12-14,87.01,88.55,76.06,79.65
2018-12-15,79.65,81.44,73.87,77.41
2018-12-16,77.46,82.38,76.15,79.06
2018-12-17,79.06,91.96,78.78,88.19
2018-12-18,88.19,104.39,85.43,103.02
2018-12-19,102.98,146.17,102.22,132.32
2018-12-20,132.92,211.26,124.11,194.15
2018-12-21,193.79,231.16,172.46,187.58
2018-12-22,187.58,205.73,182.34,190.17
2018-12-23,190.23,211.35,189.13,197.79
2018-12-24,197.79,214.47,176.88,184.96
2018-12-25,184.87,188.34,151.08,169.17
2018-12-26,169.36,187.48,163.9,176.15
2018-12-27,176.14,178.06,146.95,150.73
2018-12-28,150.56,178.97,141.78,169.16
2018-12-29,169.16,176.96,163.05,171.03
2018-12-30,171.04,174.31,158.14,161.67
2018-12-31,161.67,163.63,146.55,149.41
2019-01-01,149.67,166.2,148.06,162.05
2019-01-02,162.05,169.06,161.33,168.53
2019-01-03,168.53,176.84,156.6,162.57
2019-01-04,162.55,164.16,153.26,160.38
2019-01-05,160.38,166.33,157.22,160.25
2019-01-06,160.25,168.91,158.1,165.87
2019-01-07,165.67,167.94,159.46,160.39
2019-01-08,160.39,164.02,157.58,162.03
2019-01-09,162.02,162.53,157.74,160.55
2019-01-10,160.55,165.73,130.88,134.07
2019-01-11,134.07,134.88,127.82,129.22
2019-01-12,129.22,138.08,128.52,134.3
2019-01-13,134.27,135.46,122.32,123.55
2019-01-14,123.55,136.35,122.73,132.87
2019-01-15,132.87,134.2,125.72,126.48
2019-01-16,126.48,131.29,126.4,127.8
2019-01-17,127.8,131.79,125.06,129.63
2019-01-18,129.63,131.31,125.47,126.61
2019-01-19,126.61,132.28,126.41,130.17
2019-01-20,130.17,130.84,120.84,123.06
2019-01-21,123.08,124,120.73,121.79
2019-01-22,121.79,131.63,116.7,128.88
2019-01-23,128.81,135.5,127.19,132.5
2019-01-24,132.37,132.44,126.64,129.73
2019-01-25,129.73,129.83,125.58,127.26
2019-01-26,127.26,128.92,125.64,126.5
2019-01-27,126.5,126.5,118.34,122.04
2019-01-28,122.04,122.26,105.57,110.42
2019-01-29,110.43,112.26,106.19,110.22
2019-01-30,110.22,120.59,107.91,117.76
2019-01-31,117.67,120.94,112.79,114.2
2019-02-01,114.34,117.94,110.82,115.94
2019-02-02,115.94,121.82,114.84,118.81
2019-02-03,118.81,121.62,116.16,117.46
2019-02-04,117.56,119.96,116.87,117.7
2019-02-05,117.7,118.92,115.79,116.46
2019-02-06,116.46,121.77,110.64,115.01
2019-02-07,115.01,116.82,113.34,113.45
2019-02-08,113.53,131.99,113.52,126.36
2019-02-09,126.36,130.42,125.12,127.4
2019-02-10,127.4,128.38,120.9,125.15
2019-02-11,125.15,127.54,120.03,121.7
2019-02-12,121.72,123.16,117.86,121.72
2019-02-13,121.72,126.65,120.27,121.62
2019-02-14,121.62,123.57,119.2,120.52
2019-02-15,120.52,123.85,120,120.92
2019-02-16,120.89,123.05,120.32,121.2
2019-02-17,121.19,125.07,120.45,123.56
2019-02-18,123.56,149.4,123.56,140.76
2019-02-19,140.78,151.07,140.78,143.69
2019-02-20,143.69,148.36,138.66,145.61
2019-02-21,145.61,147.81,139.11,140.76
2019-02-22,140.76,145.02,140.08,144.35
2019-02-23,144.35,152.7,140.48,149.61
2019-02-24,149.61,157.64,128.37,131.23
2019-02-25,131.23,138.59,127.29,135.25
2019-02-26,135.25,138,131.1,132.39
2019-02-27,132.3,134.45,126.39,130.27
2019-02-28,130.32,133.24,128.95,130
2019-03-01,130,133.51,129.54,131.84
2019-03-02,131.84,132.34,128.65,131.08
2019-03-03,131.08,131.9,129.39,129.91
2019-03-04,129.91,130.45,121.4,123.34
2019-03-05,123.35,134.1,122.95,131.32
2019-03-06,131.31,133.92,129.36,131.69
2019-03-07,131.62,133.48,130.2,130.51
2019-03-08,130.51,132.22,126.4,127.1
2019-03-09,127.1,136.62,126.94,132.65
2019-03-10,132.66,134.08,130.31,132.24
2019-03-11,132.24,132.7,126.9,128.87
2019-03-12,128.87,129.48,126.14,128.29
2019-03-13,128.29,129.43,126.52,128.31
2019-03-14,128.31,135.14,127.61,131.92
2019-03-15,131.91,146.37,131.58,144.59
2019-03-16,144.57,160.84,143.76,156.27
2019-03-17,156.29,157.63,147.61,154.92
2019-03-18,154.92,166.95,154.24,160.8
2019-03-19,160.74,162.38,156.16,160.51
2019-03-20,160.51,161.53,154.9,158.92
2019-03-21,158.92,160.8,148.37,153.39
2019-03-22,153.39,160.12,151.71,158.1
2019-03-23,157.93,170.16,156.77,165.05
2019-03-24,165.05,166.82,161.69,165.18
2019-03-25,165.18,165.66,155.58,159.84
2019-03-26,159.84,161.06,153.42,157.09
2019-03-27,157.05,171.32,156.97,169.14
2019-03-28,169.2,173.9,166.46,169.04
2019-03-29,169.1,172.55,168.05,170.87
2019-03-30,170.87,172.4,165.49,167.44
2019-03-31,167.44,169.46,165.44,168.36
2019-04-01,168.36,170.37,166.92,167.72
2019-04-02,167.72,228.49,167.25,222.7
2019-04-03,222.75,349,221.59,313.13
2019-04-04,313.88,326.09,268.16,292.83
2019-04-05,293.11,302.66,281.76,294.09
2019-04-06,294.09,332.63,286.01,305.06
2019-04-07,304.78,326.55,300.29,319.79
2019-04-08,319.62,330.28,296.2,311.26
2019-04-09,311.3,311.54,293.98,299.37
2019-04-10,299.38,315.22,294.97,301.46
2019-04-11,301.46,305.78,256.63,267.2
2019-04-12,267.2,289.93,259.61,280.19
2019-04-13,280.19,288.02,273.54,277.16
2019-04-14,277.16,285.16,274.23,282.9
2019-04-15,283.09,335.59,283.06,308.48
2019-04-16,308.59,324.99,303.82,321.27
2019-04-17,321.22,322.19,305.29,311.9
2019-04-18,311.8,315.27,304.38,308.38
2019-04-19,308.72,313.29,291.83,304.39
2019-04-20,304.53,310.3,295.35,297.93
2019-04-21,297.93,303.64,280.96,287.13
2019-04-22,287.13,296.83,287.01,293.99
2019-04-23,293.99,312.12,291.67,296.41
2019-04-24,296.41,296.41,269.74,275.21
2019-04-25,275.21,284.65,274.73,276.86
2019-04-26,277.24,277.24,256.15,264.33
2019-04-27,264.33,266.85,259.11,265.11
2019-04-28,265.11,267.95,250.42,253.68
2019-04-29,253.68,257,236.49,239.1
2019-04-30,239.1,261.83,232.23,259.71
2019-05-01,259.74,283.18,259.33,270.51
2019-05-02,270.43,283.59,267.92,272
2019-05-03,272.1,301.9,268.56,293.45
2019-05-04,293.45,313.92,273.44,293.31
2019-05-05,293.34,304.25,289.01,296.58
2019-05-06,296.83,298.87,277.82,294.07
2019-05-07,294.07,302.71,284.61,289.55
2019-05-08,289.55,296.8,274.05,286.57
2019-05-09,286.57,294.01,276.91,285.33
2019-05-10,285.38,296.26,277.98,286.15
2019-05-11,286.15,346.84,285.03,346.84
2019-05-12,347.29,385.22,333.04,363.16
2019-05-13,363.05,404.23,347.44,400.33
2019-05-14,400.51,408.77,363.83,373.58
2019-05-15,373.64,404.99,371.3,395.98
2019-05-16,396.35,450.46,381.86,402.28
2019-05-17,402.22,411.29,338.15,367.85
2019-05-18,368.25,374.91,351.14,365.35
2019-05-19,365.37,428.11,355.99,426.44
2019-05-20,426.2,432.18,382.01,412.33
2019-05-21,412.44,446.71,400.56,420.32
2019-05-22,420.32,424.13,382.89,387.02
2019-05-23,387.58,407.99,368.04,406.47
2019-05-24,406.5,423.55,394.85,412.3
2019-05-25,412.3,414.44,399.75,404.75
2019-05-26,404.69,439.08,391.35,432.1
2019-05-27,432.13,457.5,423.09,434.49
2019-05-28,434.38,445.84,426.98,437.11
2019-05-29,437.13,464.47,420.28,454.68
2019-05-30,454.68,481.61,402.48,414.69
2019-05-31,414.25,440.69,412.44,437.88
2019-06-01,437.91,448.4,428.16,440.61
2019-06-02,440.57,450.75,428.77,441.62
2019-06-03,441.62,446.9,417.07,423.04
2019-06-04,423.2,423.73,364.42,369.37
2019-06-05,367.09,415.66,366.84,395.1
2019-06-06,395.39,402,369.62,391.7
2019-06-07,391.84,410.38,388.69,398.06
2019-06-08,398.06,407.21,386.39,395.94
2019-06-09,395.87,397.83,372.49,375.72
2019-06-10,375.23,400.51,371.2,391.51
2019-06-11,391.51,398.12,379.73,390.83
2019-06-12,390.86,403.08,384.02,395.74
2019-06-13,395.37,424.66,392.7,421.56
2019-06-14,421.75,421.75,400.77,413.71
2019-06-15,413.69,425.95,412.82,420.38
2019-06-16,420.52,440.39,417.98,428.33
2019-06-17,428.47,439.42,425.46,432.38
2019-06-18,432.43,436.45,402.89,406.08
2019-06-19,406.02,420.25,405.18,415.84
2019-06-20,415.84,418.09,404.97,412.18
2019-06-21,412.18,443.38,410.51,436.72
2019-06-22,436.54,513.39,433.81,478.8
2019-06-23,478.89,500.19,467.23,482.62
2019-06-24,482.16,484.36,459.55,470.91
2019-06-25,470.94,484.25,462.98,474.7
2019-06-26,474.83,515.59,448.27,470.25
2019-06-27,470.76,490.21,385.39,409.16
2019-06-28,409.29,438.51,396.09,429.3
2019-06-29,429.18,439.8,411.8,433.84
2019-06-30,433.84,448.02,395.87,415.91
2019-07-01,415.85,418.8,387.58,410.15
2019-07-02,409.72,422.01,381.46,405.6
2019-07-03,405.52,416.8,403.1,413.35
2019-07-04,413.35,423.04,411.57,412.15
2019-07-05,412.67,414.77,391.52,400.93
2019-07-06,400.96,418.96,397.97,407.76
2019-07-07,407.76,411.77,398.45,411.75
2019-07-08,411.28,418.66,406.23,418.57
2019-07-09,418.57,428.01,410.9,415.15
2019-07-10,415.33,423.07,380.45,389
2019-07-11,389.05,391.29,317.79,342.24
2019-07-12,342.07,360.65,334.9,353.71
2019-07-13,353.67,355.77,331.5,337.18
2019-07-14,337.53,345.67,299.99,313.5
2019-07-15,313.58,325.23,256.21,313.28
2019-07-16,313.23,322.27,267.3,283.68
2019-07-17,284.06,308.09,274.28,299.37
2019-07-18,299.27,321.79,284.39,311.13
2019-07-19,311.13,318.73,295.54,305.54
2019-07-20,305.55,342.47,302.87,335.84
2019-07-21,335.9,337.27,311.22,319.59
2019-07-22,319.58,324.46,301.4,308.51
2019-07-23,308.52,314.74,293.59,304.1
2019-07-24,304.1,307.95,282.71,300.73
2019-07-25,300.68,311.64,294.86,298.86
2019-07-26,298.86,323.99,295.18,317.26
2019-07-27,317.32,324.74,298.66,306.08
2019-07-28,306.22,308.3,300.6,300.6
2019-07-29,300.62,314.13,291.26,305.2
2019-07-30,305.2,324.75,302.76,318.53
2019-07-31,318.53,336.15,317.38,325.94
2019-08-01,326.03,330.58,318.72,326.68
2019-08-02,326.5,334.02,320.22,322.27
2019-08-03,322.27,348.39,322.27,334.74
2019-08-04,334.74,338.83,329.39,337.5
2019-08-05,337.7,355.03,335.04,350.01
2019-08-06,350.01,354.91,330.29,333.49
2019-08-07,333.73,346.1,331.61,339.44
2019-08-08,339.44,342.05,326.42,330.34
2019-08-09,330.35,335.33,308.61,315.72
2019-08-10,315.72,323.87,304.98,316.07
2019-08-11,316.09,342.9,313.29,336.18
2019-08-12,336.19,339.87,328.65,331.43
2019-08-13,331.43,349.96,327.59,343.19
2019-08-14,343.18,358.7,308.14,314.34
2019-08-15,314.54,322.02,268.92,315.69
2019-08-16,315.77,322.37,299.22,314.03
2019-08-17,314.04,314.91,300.21,303.32
2019-08-18,303.3,324.69,302.78,321.14
2019-08-19,320.97,327.87,313.58,324.1
2019-08-20,324.1,326.24,311.75,316.57
2019-08-21,316.57,317.31,289.91,299
2019-08-22,298.97,315.58,294.2,310.44
2019-08-23,310.44,314.83,305.77,311.22
2019-08-24,311.21,318.22,299.85,304.26
2019-08-25,304.25,311.85,301.72,302.69
2019-08-26,302.69,314.91,301.88,308.44
2019-08-27,308.44,313.29,303.52,309.02
2019-08-28,309.02,309.73,285.71,292.92
2019-08-29,292.96,293.78,276.14,279.94
2019-08-30,279.94,283.95,270.49,280.26
2019-08-31,280.27,282.78,272.26,282.43
2019-09-01,282.43,285.03,273.7,280.78
2019-09-02,280.78,294.92,279.49,292.93
2019-09-03,293.41,306.13,292.97,301.72
2019-09-04,301.7,303.6,292.53,296.27
2019-09-05,296.27,296.9,285.43,288.5
2019-09-06,288.5,301.43,281.37,288.26
2019-09-07,288.26,304.01,284.32,300.99
2019-09-08,300.99,310.63,296.89,304.64
2019-09-09,304.63,312.86,298.04,305.02
2019-09-10,305.01,310.74,300.05,303.35
2019-09-11,303.34,306.91,292.44,297.72
2019-09-12,297.71,302.07,294.83,300.93
2019-09-13,301.06,301.43,294.66,298.3
2019-09-14,298.32,307.4,296.31,305.21
2019-09-15,305.22,307.38,302.01,303.18
2019-09-16,303.18,309.38,300.46,307.74
2019-09-17,307.73,327.32,305.34,322.84
2019-09-18,322.88,332.45,318.32,326.28
2019-09-19,326.29,328.48,305.88,319.78
2019-09-20,319.83,324.9,309.19,312.2
2019-09-21,312.2,318.27,310,310.87
2019-09-22,310.87,312.34,302.99,308.36
2019-09-23,308.36,308.94,294.14,297.62
2019-09-24,297.64,297.8,216.42,230.1
2019-09-25,230.09,234.52,217.32,229.23
2019-09-26,229.24,231.09,204.49,214.37
2019-09-27,214.37,223.02,208.42,222.04
2019-09-28,222.09,230,217.88,227.69
2019-09-29,227.15,229.99,212.22,219.01
2019-09-30,219.01,230.35,217.95,226.71
2019-10-01,226.79,235.38,219.4,223.41
2019-10-02,223.41,225.41,220.28,223.69
2019-10-03,223.69,225.57,217.52,221.15
2019-10-04,221.37,225.22,218.5,223.89
2019-10-05,223.89,224.23,218.3,222.79
2019-10-06,222.78,223.34,216.01,221.3
2019-10-07,221.27,237.73,218.98,232.11
2019-10-08,232.06,239.15,227.38,228.49
2019-10-09,228.47,240.75,228.42,237.61
2019-10-10,237.61,239.77,228.88,230.86
2019-10-11,230.91,234.57,219.15,219.69
2019-10-12,219.7,228.16,219.7,225.38
2019-10-13,225.39,228.42,223.67,226.92
2019-10-14,225.86,230.31,223.84,227.2
2019-10-15,227.2,228.92,217.89,220.84
2019-10-16,220.85,225.85,214.01,216.68
2019-10-17,216.68,220.79,214.09,218.2
2019-10-18,218.2,220.96,209.57,211.72
2019-10-19,211.77,215.87,210.77,213.29
2019-10-20,213.29,226.63,211.02,225.2
2019-10-21,225.22,236.1,223.42,233.54
2019-10-22,233.54,234.37,228.32,228.84
2019-10-23,228.84,228.99,199.11,209.64
2019-10-24,209.61,217.66,206.39,211.93
2019-10-25,211.92,271.16,211.92,250.58
2019-10-26,250.59,280.05,242.48,251.44
2019-10-27,251.44,267.31,245.52,262.96
2019-10-28,262.96,275.49,258.2,269.3
2019-10-29,269.28,297.37,263.11,289.67
2019-10-30,289.63,304.56,283.84,293.12
2019-10-31,293.17,293.39,271.62,281.97
2019-11-01,281.97,283.61,271.67,277.29
2019-11-02,277.12,295.61,276.68,290.43
2019-11-03,290.42,303.28,283.01,289.92
2019-11-04,289.97,294.75,284.6,288.5
2019-11-05,288.28,298.26,286.74,292
2019-11-06,292.29,307.12,291.36,303.85
2019-11-07,303.85,307.3,286.88,294.07
2019-11-08,294.07,294.43,271.11,278.87
2019-11-09,278.84,283.76,276.72,283.16
2019-11-10,282.28,298.61,279.52,295.48
2019-11-11,295.48,297.03,281.83,286.63
2019-11-12,286.76,291.66,281.41,288.09
2019-11-13,288.09,289.43,282.1,283.66
2019-11-14,283.65,287.29,273.77,276.88
2019-11-15,276.87,279.53,260.98,266.52
2019-11-16,266.52,267.82,261.88,265.08
2019-11-17,265.08,269.93,260.1,268.16
2019-11-18,268.13,268.15,240.23,248.25
2019-11-19,248.22,248.61,234.85,243.41
2019-11-20,243.4,248,238.27,242.08
2019-11-21,242.09,246.8,220.73,224.59
2019-11-22,224.59,229.23,194.45,206.54
2019-11-23,206.54,218.18,201.12,213.85
2019-11-24,213.85,216.48,200.91,207.07
2019-11-25,206.86,216.45,192.83,210.82
2019-11-26,210.82,215.15,207.49,212.62
2019-11-27,212.62,225.23,203.87,220.09
2019-11-28,219.99,222.17,216.82,217.08
2019-11-29,217.08,226.42,216.7,223.43
2019-11-30,223.43,224.8,215.08,216.79
2019-12-01,216.78,217.98,209.8,215.24
2019-12-02,215.25,216.58,209.92,214.84
2019-12-03,214.84,215.9,211.42,211.69
2019-12-04,211.69,217.81,203.22,207.59
2019-12-05,207.59,214.22,205.37,211.92
2019-12-06,211.91,213.38,209.4,212.25
2019-12-07,212.25,215.74,210.33,211.96
2019-12-08,211.98,214.66,208.78,213.65
2019-12-09,213.65,214.59,205.96,208.08
2019-12-10,208.08,209.1,204.27,205.95
2019-12-11,205.95,208.08,204.54,206.42
2019-12-12,206.37,207.98,204.15,206.38
2019-12-13,206.4,212.68,206.3,211.37
2019-12-14,211.37,212.87,205.12,207.3
2019-12-15,207.3,209.39,205.07,207.26
2019-12-16,207.26,207.53,194.42,196.21
2019-12-17,196.21,196.98,173.54,175.57
2019-12-18,175.57,190.51,170.23,190.27
2019-12-19,190.37,191.08,183.52,186.58
2019-12-20,186.61,190.57,183.95,187.66
2019-12-21,187.66,188.42,185.7,186.41
2019-12-22,186.41,197.49,185.67,196.76
2019-12-23,196.76,198.12,188.76,189.22
2019-12-24,189.22,191.6,185.27,189.12
2019-12-25,189.12,189.32,183.35,186.19
2019-12-26,186.18,194.49,184.09,187.8
2019-12-27,187.81,203.64,186.9,202.01
2019-12-28,202.03,209.66,201.33,207.66
2019-12-29,207.66,215.53,204.68,213.03
2019-12-30,213.16,214.86,205.84,210
2019-12-31,209.99,213.81,201.97,204.9
2020-01-01,204.9,208.73,203.71,204.75
2020-01-02,204.75,205.39,193.05,195.47
2020-01-03,195.45,224.91,191.98,221.9
2020-01-04,221.9,227.36,219.47,224.29
2020-01-05,224.17,227.45,221.05,222.61
2020-01-06,222.59,245.65,222.03,243.79
2020-01-07,243.68,246.39,232.28,241.67
2020-01-08,241.67,253.81,230.42,240.21
2020-01-09,240.21,243.83,231.49,235.87
2020-01-10,235.9,267.01,231.81,262.59
2020-01-11,262.61,278.82,261.7,265.3
2020-01-12,265.3,269.58,258.2,266.33
2020-01-13,266.33,271.06,261.69,267.05
2020-01-14,267.05,363.84,265.87,341.67
2020-01-15,341.58,366.45,314.25,341.81
2020-01-16,341.9,344.54,311.32,328.19
2020-01-17,328.19,382.12,320.12,376.24
2020-01-18,376.41,403.37,331.53,353.39
2020-01-19,353.49,365.5,321.64,333.71
2020-01-20,333.77,352.5,324.34,347
2020-01-21,346.95,347.81,333.01,342.22
2020-01-22,342.32,353.51,339.27,343.55
2020-01-23,343.55,349.92,316.85,323.65
2020-01-24,323.65,327.42,298.12,320.42
2020-01-25,320.43,322.12,305.36,312.58
2020-01-26,312.49,349.32,308.01,343.37
2020-01-27,343.37,376.33,343.22,359.96
2020-01-28,358.96,384.56,358.24,371
2020-01-29,371.01,395.38,369.65,384.63
2020-01-30,384.65,398.83,372.09,394.93
2020-01-31,394.95,396.35,364.52,380.53
2020-02-01,380.51,389.28,372.94,378.94
2020-02-02,379.03,387.86,370.05,379.93
2020-02-03,379.93,391.75,374.65,382.39
2020-02-04,382.35,389.2,372.94,381.21
2020-02-05,381.21,438.61,378.77,433.62
2020-02-06,433.74,447.81,418.98,438.65
2020-02-07,438.67,459.01,432.79,439.56
2020-02-08,439.64,454.26,425.22,447.45
2020-02-09,447.45,460.18,435.79,447.79
2020-02-10,447.82,461.33,436.76,451.26
2020-02-11,451.26,468.74,440.43,462.45
2020-02-12,462.49,481.44,460.92,476.23
2020-02-13,476.22,484.73,459.96,469.8
2020-02-14,469.74,496.66,466.32,491.62
2020-02-15,491.92,494.97,426.77,442.46
2020-02-16,442.46,457.77,383.37,409.11
2020-02-17,409.26,417.59,370.62,401.53
2020-02-18,401.68,426.7,386.72,419.72
2020-02-19,419.72,424.09,371.81,386.89
2020-02-20,386.97,389.26,355.43,371.74
2020-02-21,371.69,388.06,367.23,376.99
2020-02-22,376.99,381.16,367.61,373.51
2020-02-23,373.54,400.33,371.63,397.21
2020-02-24,395.93,408.29,364.17,374.8
2020-02-25,374.81,379.81,346.88,357.62
2020-02-26,357.67,360.57,301.74,320.41
2020-02-27,320.42,334.96,307.75,324.49
2020-02-28,324.49,329.13,299.86,316.85
2020-02-29,316.62,322.46,306.19,312.42
2020-03-01,312.7,323.7,304.67,312.64
2020-03-02,312.64,342.74,310.84,335.59
2020-03-03,335.56,339.32,321.51,330.54
2020-03-04,330.54,332.27,311.62,318.67
2020-03-05,318.64,343.37,318.64,333.79
2020-03-06,333.94,352.38,332.29,347.99
2020-03-07,347.99,351.22,327.81,334.12
2020-03-08,333.94,334.16,271.19,277.11
2020-03-09,276.98,281.1,253.88,271.12
2020-03-10,271.09,278.05,263.42,273.92
2020-03-11,273.95,274.9,251.05,269.58
2020-03-12,269.31,270.3,168.07,175.03
2020-03-13,175.14,192.13,136.58,179.86
2020-03-14,179.92,183.53,165.26,169.22
2020-03-15,169.15,189.85,164.18,180.56
2020-03-16,180.4,184.08,148.5,164.87
2020-03-17,164.87,188.18,164.7,185.15
2020-03-18,184.92,186.53,169.84,180.25
2020-03-19,180.29,233.15,178.08,228.03
2020-03-20,227.49,245.13,191.55,213.43
2020-03-21,212.67,228.57,207.56,219.56
2020-03-22,219.9,233.09,200.62,204.66
2020-03-23,204.66,226.78,199.27,220.21
2020-03-24,220.21,230.41,218.34,228.77
2020-03-25,228.25,229.73,213.99,220.51
2020-03-26,220.45,227.63,219.27,224.9
2020-03-27,224.9,233.43,221.37,225.24
2020-03-28,225.21,225.21,202.85,213.53
2020-03-29,213.52,217.51,204.89,206.01
2020-03-30,206,226.42,204.97,224.95
2020-03-31,224.95,225.28,216,220.54
2020-04-01,220.58,222.88,211.79,219.08
2020-04-02,219.08,246.51,219.08,235.34
2020-04-03,235.28,241.85,230.44,234.93
2020-04-04,234.93,240.47,232.36,238.04
2020-04-05,238.02,239.61,225.51,230.33
2020-04-06,230.33,257.18,230.3,253.94
2020-04-07,254,265.36,247.2,251.6
2020-04-08,251.59,279.65,250.05,266.62
2020-04-09,266.62,274.37,253.98,259.24
2020-04-10,259.29,259.73,226.08,234.34
2020-04-11,234.38,240.1,221.99,228.76
2020-04-12,228.87,244.27,227.05,240.82
2020-04-13,240.85,241.34,216.12,222.97
2020-04-14,222.94,228.37,220.15,222.95
2020-04-15,222.95,225.15,218.87,221.46
2020-04-16,221.44,236.79,206.88,232.91
2020-04-17,232.91,239.95,229.86,232.58
2020-04-18,232.59,245.93,231.41,245.52
2020-04-19,245.53,247.59,230.24,235.9
2020-04-20,235.9,238.32,216.35,220.06
2020-04-21,220.06,223.5,215.73,220.79
2020-04-22,220.79,235.67,217.92,231.27
2020-04-23,231.33,246.55,226.38,242.67
2020-04-24,242.6,242.97,235.03,238.49
2020-04-25,238.49,245.44,235.46,238.16
2020-04-26,238.16,248.96,237.18,244.53
2020-04-27,244.53,247.81,234.64,239.12
2020-04-28,239.02,244.44,237.52,240.04
2020-04-29,239.96,262.68,239.8,259.27
2020-04-30,259.17,275.59,245.55,252.1
2020-05-01,252.08,260.43,249.19,254.6
2020-05-02,254.6,260.15,252.58,260.12
2020-05-03,260.12,267.57,246.7,250.88
2020-05-04,251,253.52,237.09,248.38
2020-05-05,248.34,252.25,241.84,246.21
2020-05-06,246.21,253.71,244.09,248.21
2020-05-07,248.09,256.6,237.56,252.26
2020-05-08,252.26,265.26,248.75,264.46
2020-05-09,264.45,277.06,258.71,265.54
2020-05-10,265.54,267.28,224.58,234.39
2020-05-11,234.39,238.01,219.59,230.5
2020-05-12,230.44,239.12,229.04,229.04
2020-05-13,230.02,242.15,229.89,242
2020-05-14,241.74,245.74,234.42,241.62
2020-05-15,241.66,245.27,230.85,236.07
2020-05-16,236.07,240.56,233.71,237.06
2020-05-17,237.02,245.6,235.83,243.14
2020-05-18,243.17,254.45,239.63,245.66
2020-05-19,245.66,250.65,242.49,245.03
2020-05-20,245.05,247.53,235.01,239.94
2020-05-21,239.93,242.65,221.08,228.27
2020-05-22,228.27,236.41,225.09,235.79
2020-05-23,235.8,239.39,232.51,235.61
2020-05-24,235.61,237.5,225.68,230.08
2020-05-25,230.08,232.86,221.57,230.69
2020-05-26,230.68,231.36,224.28,228.16
2020-05-27,228.14,234.54,227.21,230.27
2020-05-28,230.17,237.94,229.1,236.26
2020-05-29,236.27,243.58,234.58,236.98
2020-05-30,236.98,248.39,236.58,245.99
2020-05-31,245.99,253.3,240.78,241.82
2020-06-01,241.82,246.07,237.04,245.72
2020-06-02,245.72,268.93,244.45,250.78
2020-06-03,250.78,252.79,246.81,250.97
2020-06-04,250.97,259.91,248.22,255.31
2020-06-05,255.31,262.85,254.28,256.65
2020-06-06,256.65,257.94,251.41,254.53
2020-06-07,254.54,255.45,245.91,252.36
2020-06-08,252.36,256.6,251.59,253.47
2020-06-09,253.47,256.87,251.12,253.82
2020-06-10,253.82,258.64,251.2,255.73
2020-06-11,255.73,258.16,231.48,237.6
2020-06-12,237.6,243.33,233.12,240.24
2020-06-13,240.24,242.03,237.43,240.55
2020-06-14,240.55,241.17,235.55,236.46
2020-06-15,236.49,238.52,224.67,236.72
2020-06-16,236.64,239.01,233.8,236.53
2020-06-17,236.47,242.49,235.25,239.24
2020-06-18,239.24,240.58,232.41,235.09
2020-06-19,235.08,236.62,230.41,233.97
2020-06-20,233.97,234.71,228.87,231.4
2020-06-21,231.4,233.98,231.38,232.06
2020-06-22,232.08,243.86,229.69,242.33
2020-06-23,242.3,244.21,239.37,242.2
2020-06-24,242.2,245.35,229.66,232.39
2020-06-25,232.4,234.71,226.36,233.07
2020-06-26,233.07,233.33,228.12,230.25
2020-06-27,230.33,231.18,207.02,218.12
2020-06-28,218.14,225.34,213.51,223.36
2020-06-29,223.36,224.29,218.42,224.13
2020-06-30,224.14,227.14,220.57,222.23
2020-07-01,222.23,226.69,221.25,224.29
2020-07-02,224.3,225.43,217.72,221.15
2020-07-03,221.26,223.47,219.22,222.43
2020-07-04,222.43,226.73,219.96,224.93
2020-07-05,224.93,225.92,217.17,219.52
2020-07-06,219.52,241.42,219.52,238.77
2020-07-07,238.65,244.25,235.18,236.7
2020-07-08,236.7,245.94,236.08,243.99
2020-07-09,243.97,245.38,233.25,237.26
2020-07-10,237.2,239.74,232.79,236.55
2020-07-11,236.55,239.15,234.96,235.87
2020-07-12,235.87,239.08,232.62,235.35
2020-07-13,235.41,237.84,225.06,230.73
2020-07-14,230.73,232.17,226.5,229.98
2020-07-15,229.98,230.91,225.92,227.82
2020-07-16,227.82,228,217.81,223.42
2020-07-17,223.35,225.24,221.87,222.12
2020-07-18,222.96,226.4,222.33,225.27
2020-07-19,225.21,226.89,220.7,226.28
2020-07-20,226.31,228.82,221.11,223
2020-07-21,222.98,232.33,222.45,229.15
2020-07-22,229.4,233.76,227.88,232.68
2020-07-23,232.68,242.99,232.34,238.81
2020-07-24,238.81,239.45,232.85,238.17
2020-07-25,238.12,253.44,235.05,251.77
2020-07-26,251.76,257.31,244.53,247.1
2020-07-27,247.09,271.78,247.09,271.67
2020-07-28,271.79,297.79,265.21,292.21
2020-07-29,292.21,294.77,285.84,293.88
2020-07-30,293.69,300.52,281.29,293.14
2020-07-31,293.14,306.29,287.62,302.54
2020-08-01,302.58,321.53,298.23,318.41
2020-08-02,318.46,337.7,249.36,286.9
2020-08-03,286.9,304.56,280.08,296.77
2020-08-04,294.22,302.9,282.05,289.3
2020-08-05,289.3,298.52,284.33,297.3
2020-08-06,297.3,319.62,287.67,310.17
2020-08-07,310.21,325.82,281.69,304.83
2020-08-08,304.86,309.56,298,303.15
2020-08-09,303.32,309.08,292.18,298
2020-08-10,297.95,309.24,295.67,300.98
2020-08-11,301.04,305.91,271.21,277.83
2020-08-12,277.83,290.1,271.52,282.11
2020-08-13,282.1,291.81,274.89,291.17
2020-08-14,291.22,298.29,287.88,294.32
2020-08-15,294.32,308.67,292.12,304.08
2020-08-16,304.14,313.67,295.94,305.56
2020-08-17,305.57,325.21,301.77,322.27
2020-08-18,322.25,325.21,301.87,308.41
2020-08-19,308.35,309,281.87,288.43
2020-08-20,288.67,296.04,288.29,292.51
2020-08-21,292.51,305.31,281.63,284.03
2020-08-22,284.04,286.94,276.34,285.53
2020-08-23,285.53,287.93,279.19,285.62
2020-08-24,285.62,294.73,282.2,290.91
2020-08-25,290.91,292.82,269.24,274.07
2020-08-26,274.07,279.02,271.58,276.08
2020-08-27,276.08,276.94,258.89,263.93
2020-08-28,263.94,271.93,261.42,268.62
2020-08-29,268.48,272.95,265.88,269.89
2020-08-30,269.92,278.08,267.97,274.85
2020-08-31,274.87,281.32,273.18,273.6
2020-09-01,273.66,286.63,269.36,285.99
2020-09-02,285.99,296.78,253.7,263.33
2020-09-03,263.33,266.34,237.5,243.81
2020-09-04,243.88,244.71,208.8,235.09
2020-09-05,235.01,235.6,214.95,222.71
2020-09-06,222.71,233.23,219,229.49
2020-09-07,229.54,229.79,216.35,223.28
2020-09-08,223.26,230.29,218.73,222.18
2020-09-09,222.05,228.19,215.98,224.66
2020-09-10,224.69,230.17,222.9,226.76
2020-09-11,226.76,228.37,220.79,224.44
2020-09-12,224.44,229.55,222.69,229.27
2020-09-13,229.36,234.28,219.48,220.88
2020-09-14,220.85,228.78,219.17,227.11
2020-09-15,227.14,241.34,223.44,236.3
2020-09-16,236.3,236.3,227.11,232.16
2020-09-17,232.16,238.8,229.81,235.07
2020-09-18,235.04,238.9,230.62,233.78
2020-09-19,233.87,237.51,231.61,233.41
2020-09-20,233.42,233.71,222.5,224.98
2020-09-21,225.01,228.75,209.56,214.74
2020-09-22,214.8,218.35,211.11,217.5
2020-09-23,217.55,220.23,204.01,208.36
2020-09-24,208.48,218.07,206.78,215.84
2020-09-25,215.79,218.06,211.09,217.58
2020-09-26,217.6,224.08,213.12,221.31
2020-09-27,221.36,231.25,216.57,226.16
2020-09-28,226.17,234.38,226.17,229.98
2020-09-29,229.99,230.06,223.98,227.2
2020-09-30,227.23,231.12,225.22,226.09
2020-10-01,226.12,233.74,221.98,224.8
2020-10-02,224.72,228.25,212.93,217.11
2020-10-03,217.11,221.34,217.11,219.55
2020-10-04,219.57,222.64,216.69,220.59
2020-10-05,220.59,222.68,218.42,220.54
2020-10-06,220.54,229.97,216.23,217.82
2020-10-07,217.82,224.18,216.67,222.37
2020-10-08,222.37,236.2,221.55,232.24
2020-10-09,232.24,240.15,232.2,237.66
2020-10-10,237.65,246.29,237,239.96
2020-10-11,239.95,243.59,236.23,240.6
2020-10-12,240.54,243.97,234.1,243.24
2020-10-13,243.24,255.06,237.92,253.16
2020-10-14,253.04,258.37,250.3,254.28
2020-10-15,254.25,265.17,254.2,260.51
2020-10-16,260.45,266.63,244.38,250.77
2020-10-17,250.74,252.5,241.65,243.04
2020-10-18,242.93,250.54,242.84,248.46
2020-10-19,248.44,252.18,245.35,249.74
2020-10-20,249.72,250.15,238.45,241.17
2020-10-21,241.14,263.43,240.42,260.2
2020-10-22,260.2,274.69,257.58,271.1
2020-10-23,271.1,275.96,264.64,269.94
2020-10-24,269.91,277.88,268.05,274.08
2020-10-25,274.05,276.06,268.66,270.91
2020-10-26,270.96,273.33,253.16,259.61
2020-10-27,259.64,268.21,257.41,264.45
2020-10-28,264.45,280.65,259.6,268.1
2020-10-29,268.1,271.29,258.65,265.97
2020-10-30,265.92,270.5,255.48,261.79
2020-10-31,261.79,266.1,260.25,263.55
2020-11-01,263.55,270.54,260.55,267.61
2020-11-02,267.61,271.5,255.03,257.63
2020-11-03,257.62,258.9,236.96,243.31
2020-11-04,243.31,245.17,231.85,239.99
2020-11-05,239.99,251.93,239.89,251.29
2020-11-06,251.29,257.79,248.39,257.52
2020-11-07,257.52,276.85,246.19,254.77
2020-11-08,254.77,277.75,251.64,270.36
2020-11-09,270.34,275.17,258.07,263.64
2020-11-10,263.62,266.22,255.32,258.06
2020-11-11,258.13,262.45,255.79,258.81
2020-11-12,258.75,264.95,252.12,259.96
2020-11-13,260.05,265.13,249.7,261.63
2020-11-14,261.63,262.14,253.89,255.45
2020-11-15,255.62,260.36,243.44,247.01
2020-11-16,247.37,260.03,245.44,252.36
2020-11-17,252.36,258.58,248.33,256.97
2020-11-18,256.95,259.02,243.63,247.68
2020-11-19,247.68,250.31,240.8,247.88
2020-11-20,247.87,260.65,246.35,256.89
2020-11-21,256.88,307.92,256.04,301.84
2020-11-22,301.98,312.5,274.62,293.76
2020-11-23,289.32,323.38,283.09,319.8
2020-11-24,319.6,372.23,315.06,343.29
2020-11-25,343.27,363.05,307.49,317.28
2020-11-26,317.66,321.34,253.63,271.71
2020-11-27,271.68,279.64,256.32,264.02
2020-11-28,264.03,285.04,261.1,278.5
2020-11-29,278.34,289.17,272.43,283.17
2020-11-30,283.14,321.68,280.47,320.72
2020-12-01,320.73,321,274.5,289.05
2020-12-02,289.15,297.68,280.99,292.34
2020-12-03,292.38,297.36,286.09,291.33
2020-12-04,291.22,306.94,276.97,278
2020-12-05,278.12,286.83,274.93,283.17
2020-12-06,283.16,293.55,279.61,284.17
2020-12-07,284.12,290.7,281.29,284.05
2020-12-08,284.05,285.02,265.44,265.44
2020-12-09,265.19,271.02,255.12,269.8
2020-12-10,269.85,270.67,261.58,266.67
2020-12-11,266.69,267.5,256.27,260.86
2020-12-12,260.93,269.8,258.35,269.32
2020-12-13,269.31,282.46,266.18,274.78
2020-12-14,274.78,277.01,266.02,272.71
2020-12-15,272.8,298.93,271.25,289.67
2020-12-16,289.53,308.79,282.24,307.73
2020-12-17,307.78,331.19,301.44,312.81
2020-12-18,312.96,322.67,305.24,310.86
2020-12-19,310.88,325.76,309.68,322.02
2020-12-20,322.01,367.53,310.64,346.6
2020-12-21,346.79,379.69,308,321.7
2020-12-22,321.73,322.85,299.03,315.68
2020-12-23,315.83,325.99,268.1,278.8
2020-12-24,278.79,296.12,271.29,295.95
2020-12-25,296.52,324.88,293.17,312.09
2020-12-26,312.19,329.85,310.26,322.71
2020-12-27,322.92,365.16,310.67,344.01
2020-12-28,344,375.88,334.39,355.9
2020-12-29,356.29,366.09,330.53,347.01
2020-12-30,347.16,366.13,342.15,354.62
2020-12-31,354.53,361.13,335.41,344.78
2021-01-01,344.84,355.61,332.99,340.8
2021-01-02,340.7,367.94,334.48,353.46
2021-01-03,353.45,417.16,351.01,413.81
2021-01-04,414.14,466.65,380.37,399.87
2021-01-05,399.53,425.75,390.04,423
2021-01-06,422.9,458.51,411.88,450.17
2021-01-07,449.98,483.57,428.53,455.83
2021-01-08,457.51,457.51,406.03,436.35
2021-01-09,436.11,613.94,418.48,569.55
2021-01-10,568.09,631.54,552.29,593.4
2021-01-11,593.34,612.67,398.52,462.73
2021-01-12,462.62,512.01,443.66,451.35
2021-01-13,451.32,498.76,435.17,495.09
2021-01-14,494.62,538.42,483.78,514.32
2021-01-15,514.4,534.91,453.45,483.04
2021-01-16,482.96,514.36,473.99,490.85
2021-01-17,490.98,495.06,461.87,484.33
2021-01-18,484.29,509.26,469.44,495.67
2021-01-19,495.95,552.34,495.91,525.41
2021-01-20,525.41,525.93,471.94,493.67
2021-01-21,493.66,499.46,405.59,421.63
2021-01-22,421.51,451.76,391.75,439.05
2021-01-23,439.03,444.07,419.46,430.86
2021-01-24,430.67,449,422.62,434.22
2021-01-25,434.37,465.09,430.69,436.22
2021-01-26,435.94,438.42,414.24,429.01
2021-01-27,429.37,431.48,370.22,381.26
2021-01-28,381.09,411.05,372.11,411.05
2021-01-29,410.97,437.54,392,408.37
2021-01-30,408.34,419.3,392.35,413.65
2021-01-31,413.64,417.3,391.49,399.87
2021-02-01,399.77,444.61,390.36,413
2021-02-02,412.75,434.68,411.5,432.04
2021-02-03,432.12,450.14,429.12,445.97
2021-02-04,446.21,455.8,413.35,424.67
2021-02-05,424.67,446.52,418.29,443.53
2021-02-06,443.5,490.31,443.22,462.53
2021-02-07,462.26,464.61,430.19,443.64
2021-02-08,443.71,484.41,437.38,478.67
2021-02-09,478.82,513.06,474.51,508.79
2021-02-10,509.03,538.77,471.32,497.77
2021-02-11,497.81,540.64,491.83,528.23
2021-02-12,528.58,571.71,511.77,571.71
2021-02-13,572.87,668.92,542.92,641.37
2021-02-14,641.19,749.52,641.19,738.2
2021-02-15,738.21,773.07,603.46,727.84
2021-02-16,728.31,743.98,670.09,701.14
2021-02-17,700.71,727.14,676.21,714.18
2021-02-18,714.29,729.66,692.26,705.23
2021-02-19,705.3,742.75,682.04,727.74
2021-02-20,726.98,747.86,634.5,670.82
2021-02-21,671.76,735.96,664.83,705.8
2021-02-22,705.93,711.5,534.24,626.42
2021-02-23,626.05,631.03,440.62,513.86
2021-02-24,513.27,563.62,496.84,519.18
2021-02-25,519.3,557.02,501.34,510.14
2021-02-26,511.35,515.8,458.03,477.73
2021-02-27,477.76,501.69,476.96,484.38
2021-02-28,484.18,485.96,432.44,461.38
2021-03-01,461.37,506.48,458.81,496.52
2021-03-02,496.73,548.91,494.94,511.41
2021-03-03,510.87,555.41,510.6,524.24
2021-03-04,524.34,538.34,493.39,505.44
2021-03-05,505.39,508.17,473.17,500.51
2021-03-06,500.51,505.01,482.98,500.73
2021-03-07,500.89,515.77,500.33,511.18
2021-03-08,511.44,526.43,501.94,522.18
2021-03-09,522.27,547.27,522.09,542.61
2021-03-10,542.63,568.1,517.43,560.89
2021-03-11,560.82,563.62,528.82,550.87
2021-03-12,550.99,563.27,510.16,536.03
2021-03-13,535.76,608.27,522.76,597.41
2021-03-14,597.32,601.35,556.18,570.81
2021-03-15,570.85,573.19,515.62,525.76
2021-03-16,525.88,537.79,502.97,526.92
2021-03-17,526.92,539.45,512.32,537.37
2021-03-18,537.45,546.7,523.35,527.26
2021-03-19,526.99,550.55,517.39,536.57
2021-03-20,536.55,551.84,529.93,542.34
2021-03-21,542.06,543.25,515.73,524.43
2021-03-22,524.44,538.59,507.27,512.17
2021-03-23,512.2,532.14,505.95,511.78
2021-03-24,511.59,529.15,444.76,475.33
2021-03-25,475.4,482.53,452.04,473.4
2021-03-26,473.58,505.33,470.45,502.43
2021-03-27,502.43,509.72,485.65,502.67
2021-03-28,502.78,505.43,488.63,493.85
2021-03-29,493.61,523.8,491.54,516.55
2021-03-30,516.55,536.26,511.36,524.63
2021-03-31,524.65,539.5,503.8,536.68
2021-04-01,536.85,558.29,529.32,553.08
2021-04-02,552.95,597.62,546.04,584.75
2021-04-03,584.75,595.38,532.65,536.88
2021-04-04,536.64,563.91,524.14,555.93
2021-04-05,555.92,633.72,553.73,633.72
2021-04-06,633.87,673.35,616.43,649.97
2021-04-07,649.41,693.1,597.36,618.31
2021-04-08,618.31,641.23,610.77,635.61
2021-04-09,635.04,649.5,626.21,641.29
